{"/LXNxHyefuUajKQCIrN2Iw==":"mbr-1920x1440.png","krQhURdpyHRwvSiCTAYepw==":"mbr-1256x838.jpg","bPea1FME58YDxZkUmaJRcw==":"mbr-596x397.jpg","wyZaTgR8X9VGejiCPXwvXw==":"mbr-1-596x397.jpg","Vc1xUkFyLcAR9N+01/9SPw==":"mbr-596x398.jpg","uFw90vyzVZ5gYQmyUIRbrQ==":"mbr-2-596x397.jpg","BbnwYTQ/mwRikIuzWrx5wQ==":"mbr-3-596x397.jpg","yj65sRuI116jFLEwblFzpQ==":"mbr-4-596x397.jpg","5oPK1SFHulevFYkrYKzJZA==":"mbr-596x447.jpg","avvqA70996b1K9wVBqlPyw==":"mbr-596x401.jpg","KonTLiEUyrslutBRFAYAsQ==":"mbr-596x401.jpeg","pOu5RVJOYUVtoRmCFCuY7Q==":"mbr-1920x1280.jpg","yhM3E1ZFr8dF18pJX8fqCw==":"mbr-1256x837.jpg","w83uDO7df7KKhPdDldUGYg==":"mbr-1-1920x1280.jpg","7+IaZveUPgj7KRGNlBTXbw==":"mbr-816x544.jpg","tCpP3Zby51T46L6MmgZSgA==":"mbr-1-816x544.jpg","lwgOQaWOCTYj+S01nb8m8g==":"mbr-816x524.jpg","8cRf2rMsVHRj++7zzvhg6w==":"mbr-198x198.jpg","hvxIYJbHmr3+Fqg1rCxUZQ==":"mbr-1256x829.jpg","xfp/tGM9BK+psB5Nzr5Drw==":"4-1.png","B5Tn3Gm//epauCbldvce7g==":"shafeeq-ullah-1.png","t6iXt5DWJPI/QxBJZsUf8g==":"shafeeq-ullah-5.png","kpTUBCk7FCBbyRTui5cVJQ==":"shafeeq-ullah-6.png","mHORW0ykdG8H6CquiAAlBA==":"background4.jpg","4ET6gP1Cg1n7C7CD342Ffg==":"a.jpg","nvvE7RuHIS7KY0N2TXndCA==":"activecampaign-renner-medical.png","Ojh4PZYM9sKRshnFX3sFzQ==":"cyberbrainacademy-abandoned-payment-automation-1.png","unyw81azOMuvFkJ7/ScynQ==":"hubspot-it-softeware-company-automation-strategy-2.png","jH0DIw56QNnTD9GKcGHtIQ==":"triquetra-health-abandoned-cart-email-automation.drawio.png","sL78pJ8xW+7ZEVOyDyjfkQ==":"tensor-tactical-welcome-email-automation.drawio.png","ahBXDBewQRsAz0/ehtvKpg==":"activecampaign.png","Izn4PWdMi0fGtTHnTN4YkQ==":"email-newletter.jpg","Cug455/MXw3dS9VCJl1QnQ==":"venus-et-fleur-welcome-designed-based-email.png","+6VtihuKsoLfhta0p7eoVA==":"venus-et-fleur-welcome-designed-based-email-1.png","scNeh38tsOcupmmFSD/vVA==":"klaviyo-email-template-design.png","d0nRV6sAfD5GbbAwE6fwLQ==":"custom-design.jpg","c3qxy0aQnY3eFvFtoX33xg==":"book-store-email-template.png","fwYZjaxr3CkaMH696szy9A==":"book-store-email-template-1.png","Te0Kgbi0PifUT0Aoc53EXw==":"tirecraft-calgary-200x200.png","BcxUJXftja7/IQg+VOzM8g==":"bikerlid-clueier-t2-200x-1.webp","CPSsh+6JiJuZJreYAoIztw==":"tensor-logo-v2-black-170x-1.png","sWDwPLcm+rtJZR8kZgFEqA==":"logo-flora2-4.png","yqqfCMH1J2qVdiC04pzPJw==":"400x50-200x.webp","Yaz9845yC/v6BeFEtHZ8Gw==":"logo-8.png","oY8jaWrrDczgKFFbo8uCSA==":"hubspot-educator.com-strategy-flowchart.png","3+IRn6FDPx9Z+oL6IVvf2A==":"soulhomes-real-estate-marketing-strategy-page-1.png","z8NKaIVOsNQuKYOC9N7eBA==":"thecarsalon-welcome-email-series.png","vijkMLKcezjC83i+WdaZkg==":"untitled-design-35.png","NdCrYmrljtOi7XbR4xygFw==":"shafeeq-ullah-7.png","lXSgKwNAifeLIOTz1Vqbbg==":"lavender-hill-welcome.png","TzVjvX8F0HQd3T/zZLcEPg==":"75610f6889f0f97cbb91ef3c58dc619a.png","tm6BM1VdIT+GkpEe531oZg==":"lavenderhill-logo-3x-8-400x.webp","oRykAiO0rUD++7AmPeEwUg==":"background1.jpg","n1dx+NZv3qks526xC0hZ5Q==":"background13.jpg","Q3Iy98t36yM/pkqXwvrg8Q==":"background7.jpg","Q+6RhRxeq6hkef7+tMqYvQ==":"pipeline.webp","vOMth8hpXmtERPginsRYVw==":"1200px-hd-transparent-picture.png"}